{"cameraMode":{"drawMode":0,"name":"Shaded","section":"Shading Mode"},"sceneLighting":true,"audioPlay":false,"sceneViewState":{"showFog":true,"showMaterialUpdate":false,"showSkybox":true,"showFlares":true,"showImageEffects":true,"showParticleSystems":true},"in2DMode":false,"pivot":{"x":-0.5503157377243042,"y":1.3756170272827149,"z":-3.229788303375244},"rotation":{"x":-0.3301331102848053,"y":0.08310473710298538,"z":-0.029192578047513963,"w":-0.9398156404495239},"size":13.918996810913086,"orthographic":false}